Generation,Best Fitness,Worst Fitness,Best Fitness So Far
1,907890.5,1543896.5,907890.5
2,675759.5,1763939.5,675759.5
3,674305.0,1729358.0,674305.0
4,829957.5,1928349.5,674305.0
5,672829.5,1521079.0,672829.5
6,446289.0,2097430.0,446289.0
7,856659.5,1607237.5,446289.0
8,675116.0,1662369.0,446289.0
9,712282.5,1595440.0,446289.0
10,726482.0,1773705.5,446289.0
11,624010.5,1361356.0,446289.0
12,449210.0,1578302.5,446289.0
13,832677.0,1590541.5,446289.0
14,981791.5,1852292.5,446289.0
15,791398.0,1652617.0,446289.0
16,1080309.0,2287965.5,446289.0
17,647420.0,1920898.5,446289.0
18,686253.0,2129777.0,446289.0
19,869463.5,1731349.0,446289.0
20,866713.5,1809106.5,446289.0
21,863138.0,1549254.5,446289.0
22,418892.0,1321324.0,418892.0
23,882519.5,1538607.5,418892.0
24,918668.0,1826187.0,418892.0
25,733414.0,1260503.5,418892.0
26,820744.5,1299631.5,418892.0
27,835954.5,1566897.0,418892.0
28,863008.5,1646187.0,418892.0
29,944096.5,1767020.0,418892.0
30,718827.0,1616956.5,418892.0
31,872328.0,1651647.0,418892.0
32,629376.0,1826599.5,418892.0
33,767381.5,2306713.5,418892.0
34,920014.0,1563125.0,418892.0
35,859392.5,1688654.0,418892.0
36,788484.0,1770953.0,418892.0
37,668968.0,1567241.0,418892.0
38,824675.5,1775265.5,418892.0
39,615652.5,1553924.5,418892.0
40,819208.5,1644491.5,418892.0
41,831717.0,1890671.0,418892.0
42,548314.5,2457635.0,418892.0
43,657057.5,1711802.0,418892.0
44,891178.0,1423930.5,418892.0
45,594333.5,1716525.0,418892.0
46,855965.5,1887413.0,418892.0
47,806739.5,1609306.5,418892.0
48,722901.0,1739422.5,418892.0
49,815457.0,1632490.0,418892.0
50,743451.0,1701556.5,418892.0
51,736786.5,1678952.5,418892.0
52,566068.0,1681339.5,418892.0
53,801529.5,1639512.0,418892.0
54,829364.0,1686970.0,418892.0
55,817191.0,1844690.5,418892.0
56,1030690.5,1696991.0,418892.0
57,499471.0,1837715.5,418892.0
58,776005.0,2663728.0,418892.0
59,651240.0,1490905.5,418892.0
60,826402.0,1948772.0,418892.0
61,804976.5,1462810.0,418892.0
62,763228.5,2010064.5,418892.0
63,785052.5,1626565.5,418892.0
64,817653.0,1462550.5,418892.0
65,656857.0,2036354.0,418892.0
66,560989.0,1773576.0,418892.0
67,868285.0,1736108.5,418892.0
68,963428.5,1835034.5,418892.0
69,649475.5,1804368.5,418892.0
70,833048.5,2202315.0,418892.0
71,822657.0,1486604.5,418892.0
72,522601.5,1693149.5,418892.0
73,673029.0,1362708.0,418892.0
74,726848.5,1492581.5,418892.0
75,843310.0,1683690.0,418892.0
76,672335.5,1920330.5,418892.0
77,736468.0,1547249.5,418892.0
78,654860.5,1931018.5,418892.0
79,733280.5,1827178.5,418892.0
80,813331.0,1705312.5,418892.0
81,586838.0,1908036.5,418892.0
82,380191.0,1770196.0,380191.0
83,933844.0,2044494.0,380191.0
84,812972.0,1486621.5,380191.0
85,780080.5,1499571.5,380191.0
86,1016085.0,1916534.0,380191.0
87,763602.0,2079593.5,380191.0
88,979693.0,2047841.0,380191.0
89,769729.5,1870471.5,380191.0
90,819503.0,1677971.0,380191.0
91,679710.5,1429275.0,380191.0
92,984386.5,1911092.0,380191.0
93,637832.0,1928205.5,380191.0
94,841916.5,1867636.5,380191.0
95,1050904.0,2016776.5,380191.0
96,909136.0,2267212.5,380191.0
97,748059.0,1658644.0,380191.0
98,852450.5,1727256.0,380191.0
99,748958.5,1502505.0,380191.0
100,1031436.0,2181778.5,380191.0
101,774436.5,1698843.5,380191.0
102,814748.5,1806970.5,380191.0
103,655609.0,1846040.5,380191.0
104,819117.5,2062804.5,380191.0
105,621853.5,1941598.0,380191.0
106,881179.0,1883359.0,380191.0
107,435119.0,1550895.0,380191.0
108,842687.0,1551174.0,380191.0
109,614277.5,1594175.5,380191.0
110,733008.0,1785272.0,380191.0
111,876679.0,1861441.0,380191.0
112,762764.5,1411071.5,380191.0
113,716304.0,2345466.0,380191.0
114,690911.5,1712116.5,380191.0
115,611228.0,1644178.5,380191.0
116,597136.0,2401991.5,380191.0
117,650490.5,1170746.0,380191.0
118,380021.5,1661943.0,380021.5
119,819619.0,1928178.5,380021.5
120,705431.5,1961646.5,380021.5
121,532615.5,1460187.0,380021.5
122,841431.0,1452485.5,380021.5
123,902842.5,1987012.5,380021.5
124,997883.5,1929181.5,380021.5
125,910793.0,1814897.0,380021.5
126,627957.5,1550178.5,380021.5
127,737101.5,1533741.5,380021.5
128,744400.5,1911542.0,380021.5
129,1071204.5,1571118.0,380021.5
130,650162.5,1687038.0,380021.5
131,711062.5,1788067.5,380021.5
132,704885.5,1652979.0,380021.5
133,982091.5,1836883.5,380021.5
134,930437.5,1855911.0,380021.5
135,811703.5,1575210.5,380021.5
136,904385.0,1660018.0,380021.5
137,952691.0,1685416.5,380021.5
138,893826.0,1685685.0,380021.5
139,738729.5,2256031.5,380021.5
140,536031.0,1611485.0,380021.5
141,726341.0,1551246.5,380021.5
142,722075.5,1441472.5,380021.5
143,814485.5,1558451.0,380021.5
144,803274.5,1767339.0,380021.5
145,893172.5,1921535.5,380021.5
146,658899.5,1638425.5,380021.5
147,979425.0,1796627.0,380021.5
148,751501.5,1790718.5,380021.5
149,794315.0,1720991.5,380021.5
150,839285.5,1654430.5,380021.5
151,998908.0,1694946.0,380021.5
152,913784.0,1374701.0,380021.5
153,677169.5,1556329.5,380021.5
154,945469.0,1407646.0,380021.5
155,822785.0,1815448.5,380021.5
156,702079.0,1587280.0,380021.5
157,692220.5,1558030.0,380021.5
158,645196.0,1630157.5,380021.5
159,635814.5,1484549.5,380021.5
160,784282.0,1576454.5,380021.5
161,470843.0,1931582.5,380021.5
162,960336.0,1613645.5,380021.5
163,846797.0,1741919.5,380021.5
164,1008760.0,2003607.0,380021.5
165,912884.0,1714019.5,380021.5
166,716861.5,1741450.5,380021.5
167,730248.5,1702395.0,380021.5
168,991033.5,1764807.0,380021.5
169,810788.5,1527186.0,380021.5
170,759256.0,1688450.5,380021.5
171,570751.5,1450772.0,380021.5
172,649974.5,1457555.0,380021.5
173,630472.5,1989219.5,380021.5
174,693793.0,1555666.5,380021.5
175,638340.5,1542333.0,380021.5
176,648271.5,1820450.0,380021.5
177,988647.0,1942528.0,380021.5
178,1018989.5,1449092.0,380021.5
179,814854.5,1649443.0,380021.5
180,742942.5,1576238.0,380021.5
181,704999.5,1556816.5,380021.5
182,836753.5,1573335.5,380021.5
183,784290.5,1516205.5,380021.5
184,782860.0,1452513.5,380021.5
185,735326.0,1356509.5,380021.5
186,659988.5,1821873.0,380021.5
187,640638.0,1677744.5,380021.5
188,829698.0,1982515.5,380021.5
189,637520.5,1513954.0,380021.5
190,748413.5,1544590.5,380021.5
191,748132.5,1534938.0,380021.5
192,665318.5,1375940.0,380021.5
193,571627.5,1517847.5,380021.5
194,662315.5,1701226.0,380021.5
195,900669.0,1436053.0,380021.5
196,724956.0,1560720.0,380021.5
197,896690.0,1582189.5,380021.5
198,883791.0,1425378.5,380021.5
199,665462.0,1572809.5,380021.5
200,613104.0,1825401.5,380021.5
201,614946.5,1501080.0,380021.5
202,571153.0,1546035.0,380021.5
203,810113.5,1505406.0,380021.5
204,558827.5,1666259.5,380021.5
205,766221.0,1639512.0,380021.5
206,441129.5,1859807.0,380021.5
207,749202.0,1667880.0,380021.5
208,607301.0,1921344.0,380021.5
209,768351.5,2409813.5,380021.5
210,1083439.0,1460012.0,380021.5
211,860590.0,1821348.0,380021.5
212,692318.0,1903624.5,380021.5
213,754096.0,1639985.5,380021.5
214,659276.0,1466458.5,380021.5
215,566726.0,1266442.5,380021.5
216,640315.5,1980541.5,380021.5
217,827470.5,1680099.5,380021.5
218,689274.0,1460858.5,380021.5
219,515768.0,1736242.0,380021.5
220,658019.5,1456402.5,380021.5
221,510967.0,1429911.0,380021.5
222,616780.5,1765532.5,380021.5
223,641802.0,1386537.0,380021.5
224,787645.0,1428674.5,380021.5
225,654925.5,1770147.5,380021.5
226,843457.5,1774317.0,380021.5
227,788547.0,1575123.5,380021.5
228,660162.5,1668322.0,380021.5
229,666827.5,1485765.0,380021.5
230,783025.5,1821160.0,380021.5
231,491470.0,1665418.0,380021.5
232,656517.5,1726246.0,380021.5
233,833659.0,1675338.0,380021.5
234,820204.0,1490067.0,380021.5
235,975740.0,1765235.5,380021.5
236,574873.5,1921959.0,380021.5
237,777181.5,1793203.5,380021.5
238,590075.0,1448371.5,380021.5
239,917927.0,2283344.5,380021.5
240,872840.0,1669742.0,380021.5
241,752913.0,1631699.0,380021.5
242,635095.0,1818993.5,380021.5
243,692865.5,1431366.0,380021.5
244,553667.5,1324234.0,380021.5
245,723907.5,1843496.5,380021.5
246,714903.0,1641091.5,380021.5
247,689032.0,1833656.0,380021.5
248,724293.5,1580567.5,380021.5
249,597917.5,1502609.5,380021.5
250,718598.5,1704839.5,380021.5
251,818084.0,1790359.0,380021.5
252,879321.0,1444020.5,380021.5
253,721507.5,1576581.0,380021.5
254,833405.5,1639157.5,380021.5
255,517466.0,1450643.0,380021.5
256,501179.0,1604881.0,380021.5
257,649916.5,2148820.0,380021.5
258,953289.5,1397429.0,380021.5
259,1002556.0,1569593.0,380021.5
260,385277.5,2083773.0,380021.5
261,732344.5,1451555.5,380021.5
262,935816.0,1976531.0,380021.5
263,836271.5,1594162.5,380021.5
264,710701.5,1399772.5,380021.5
265,692337.0,1404409.0,380021.5
266,804797.0,1508917.0,380021.5
267,633702.0,1494715.0,380021.5
268,637225.5,1532656.5,380021.5
269,716063.5,1555745.0,380021.5
270,625776.5,1868514.0,380021.5
271,797951.5,1486039.5,380021.5
272,610751.5,1588557.5,380021.5
273,947471.5,1376602.0,380021.5
274,815113.5,1458658.0,380021.5
275,728346.0,1851787.5,380021.5
276,673159.5,1770827.5,380021.5
277,773483.5,1512126.5,380021.5
278,468181.5,1051354.0,380021.5
279,595291.5,1937368.5,380021.5
280,741430.5,1398244.0,380021.5
281,768797.5,1493537.5,380021.5
282,487858.5,1396269.0,380021.5
283,588669.0,2103969.5,380021.5
284,821142.5,1485100.5,380021.5
285,576535.5,1253443.0,380021.5
286,579189.5,1560192.0,380021.5
287,745435.0,1856055.5,380021.5
288,697803.5,1882188.0,380021.5
289,725574.0,1643642.0,380021.5
290,704380.5,1281140.5,380021.5
291,747000.5,1631363.5,380021.5
292,832015.0,1810182.5,380021.5
293,729853.5,1716497.0,380021.5
294,711675.5,1426601.5,380021.5
295,892825.5,1477386.5,380021.5
296,505146.0,1454615.5,380021.5
297,949264.0,1558974.0,380021.5
298,816310.5,1647561.0,380021.5
299,673121.5,1808467.5,380021.5
300,705269.5,1425176.0,380021.5
301,769332.5,1916511.5,380021.5
302,681483.5,1442548.5,380021.5
303,930445.5,1652199.0,380021.5
304,544074.0,1476884.0,380021.5
305,881532.5,1588893.0,380021.5
306,648557.5,1723067.0,380021.5
307,667541.5,1323586.5,380021.5
308,743392.5,1770429.0,380021.5
309,655049.5,1833010.0,380021.5
310,1019908.5,1927578.0,380021.5
311,851594.5,1998587.5,380021.5
312,555829.0,1196429.0,380021.5
313,695666.5,1679392.0,380021.5
314,815850.5,1554083.0,380021.5
315,530873.0,1454343.5,380021.5
316,508549.0,1483616.0,380021.5
317,768125.0,1367106.5,380021.5
318,873519.0,1709259.0,380021.5
319,606928.0,1292709.0,380021.5
320,567213.0,1352691.5,380021.5
321,618101.0,1503236.5,380021.5
322,386748.5,1213780.5,380021.5
323,638884.5,1227596.0,380021.5
324,953207.0,1295889.0,380021.5
325,622063.0,1841895.0,380021.5
326,742503.0,1668565.0,380021.5
327,403315.5,1539067.5,380021.5
328,704279.5,1542299.0,380021.5
329,694225.0,1292944.0,380021.5
330,545945.5,1777907.5,380021.5
331,535195.5,1447314.0,380021.5
332,751996.5,1469123.0,380021.5
333,693610.0,1612143.0,380021.5
334,543862.0,1318145.0,380021.5
335,749667.0,1408070.5,380021.5
336,767475.5,1817998.5,380021.5
337,665422.0,1972675.0,380021.5
338,668776.5,1456320.5,380021.5
339,338427.0,1353292.0,338427.0
340,451144.5,1335531.0,338427.0
341,733758.5,1138830.0,338427.0
342,534873.0,1567526.0,338427.0
343,782788.0,1489197.5,338427.0
344,619629.0,1362033.5,338427.0
345,643027.5,1562549.0,338427.0
346,364316.0,1342181.5,338427.0
347,626170.0,1331724.0,338427.0
348,816342.5,1533430.5,338427.0
349,633808.5,1251035.5,338427.0
350,677393.5,1309578.5,338427.0
351,623766.5,1510882.5,338427.0
352,707805.5,1548793.5,338427.0
353,676063.5,1448946.0,338427.0
354,648318.0,1617240.0,338427.0
355,621785.0,1527114.5,338427.0
356,784462.5,1472434.0,338427.0
357,523902.5,1462504.5,338427.0
358,626865.5,1419916.0,338427.0
359,628195.0,1580525.0,338427.0
360,801094.0,1893806.0,338427.0
361,424957.5,1375852.0,338427.0
362,579556.5,1121167.0,338427.0
363,602782.5,1268190.0,338427.0
364,369321.5,1623014.0,338427.0
365,477484.5,1175614.0,338427.0
366,611965.5,1473281.5,338427.0
367,439198.0,1584716.5,338427.0
368,695996.5,1405441.5,338427.0
369,444981.5,1566028.0,338427.0
370,523816.0,1729351.5,338427.0
371,624201.0,1393572.0,338427.0
372,825960.0,1821702.5,338427.0
373,755772.0,1155668.5,338427.0
374,744089.5,1662702.0,338427.0
375,529381.0,1600405.5,338427.0
376,712332.0,1208524.0,338427.0
377,583960.5,1401536.5,338427.0
378,888250.0,1534811.5,338427.0
379,563282.5,1847166.0,338427.0
380,460911.5,1236020.0,338427.0
381,464725.5,1398157.5,338427.0
382,588587.0,1114679.0,338427.0
383,559372.0,1476069.5,338427.0
384,717751.0,1597897.0,338427.0
385,499944.5,1330309.5,338427.0
386,615342.5,1537273.0,338427.0
387,923216.5,1580146.5,338427.0
388,574750.0,1779545.0,338427.0
389,537667.0,1922727.0,338427.0
390,553704.5,1353757.0,338427.0
391,637589.0,1127528.0,338427.0
392,723167.5,1146655.5,338427.0
393,713367.5,1455914.5,338427.0
394,718696.5,1512438.0,338427.0
395,782158.0,1507148.0,338427.0
396,406811.0,1119685.0,338427.0
397,562732.0,1456159.5,338427.0
398,571417.0,1311103.0,338427.0
399,886573.5,1398796.0,338427.0
400,658469.0,1655537.0,338427.0
401,655992.5,1414896.5,338427.0
402,677876.0,1228171.0,338427.0
403,732037.5,1490596.0,338427.0
404,568558.5,1293262.0,338427.0
405,650353.0,1323022.5,338427.0
406,784565.0,1294688.5,338427.0
407,724324.0,1072695.5,338427.0
408,426021.0,1316703.5,338427.0
409,531475.0,1365745.0,338427.0
410,609409.5,1332129.0,338427.0
411,272408.5,1396504.5,272408.5
412,571318.5,1049948.5,272408.5
413,325162.0,1299941.5,272408.5
414,671402.5,1731727.0,272408.5
415,601156.0,1320174.0,272408.5
416,618646.0,1188855.0,272408.5
417,682138.5,1096446.5,272408.5
418,667289.5,1358381.5,272408.5
419,419941.0,1269919.5,272408.5
420,510241.5,1348016.5,272408.5
421,565484.5,1456108.0,272408.5
422,651697.0,1096344.5,272408.5
423,638538.0,1758082.5,272408.5
424,627031.0,1453672.5,272408.5
425,525639.5,1296829.5,272408.5
426,492630.0,1172191.0,272408.5
427,574175.0,1456104.5,272408.5
428,491702.0,1287802.5,272408.5
429,563420.0,1288128.5,272408.5
430,581352.0,1205940.0,272408.5
431,637481.0,1313211.0,272408.5
432,426559.5,1287403.5,272408.5
433,417213.0,1088338.5,272408.5
434,625444.5,1190799.0,272408.5
435,706141.5,1187408.0,272408.5
436,662877.5,1344169.0,272408.5
437,603094.0,1307373.5,272408.5
438,734562.5,1227348.5,272408.5
439,572812.0,1223121.0,272408.5
440,610581.5,1185046.0,272408.5
441,499470.0,1269433.0,272408.5
442,607714.5,1346995.0,272408.5
443,658779.5,1516357.0,272408.5
444,595414.0,1338068.0,272408.5
445,487514.5,1233646.0,272408.5
446,668929.0,1148821.5,272408.5
447,582480.0,1169053.0,272408.5
448,559247.5,1501538.0,272408.5
449,665352.5,1418276.0,272408.5
450,498825.0,1434133.0,272408.5
451,528869.0,1475150.5,272408.5
452,490062.5,1153142.5,272408.5
453,721653.5,1265233.0,272408.5
454,508788.5,1138562.0,272408.5
455,597917.0,1245720.0,272408.5
456,646276.5,1151390.0,272408.5
457,371446.5,1419582.0,272408.5
458,636949.5,1197599.5,272408.5
459,444448.5,1278729.0,272408.5
460,404178.0,1567025.5,272408.5
461,776502.5,1326825.0,272408.5
462,646473.5,1281176.5,272408.5
463,618339.0,1227267.0,272408.5
464,637885.5,1012416.5,272408.5
465,452921.5,1156207.5,272408.5
466,629532.0,1360516.0,272408.5
467,337820.5,1326258.5,272408.5
468,773008.0,1439850.5,272408.5
469,436721.0,1241062.5,272408.5
470,555937.0,1202133.0,272408.5
471,733564.0,1470099.5,272408.5
472,513360.0,1367746.0,272408.5
473,863859.0,1627370.5,272408.5
474,606350.5,1232776.0,272408.5
475,604176.0,1422495.0,272408.5
476,621463.5,1268499.5,272408.5
477,384238.5,1344096.0,272408.5
478,480301.5,1085733.0,272408.5
479,409004.0,941167.5,272408.5
480,663718.0,1055950.0,272408.5
481,718106.0,1508338.5,272408.5
482,455434.0,1210329.5,272408.5
483,405910.5,1221069.5,272408.5
484,588891.5,1240566.5,272408.5
485,606796.0,1155899.5,272408.5
486,521216.0,968394.0,272408.5
487,553583.5,1322570.0,272408.5
488,701969.5,1322262.0,272408.5
489,573172.5,1333374.5,272408.5
490,514191.5,1277821.5,272408.5
491,687878.0,1303695.0,272408.5
492,518974.0,1439171.5,272408.5
493,719201.0,1356010.0,272408.5
494,684453.5,1220779.0,272408.5
495,523824.0,1386062.5,272408.5
496,450883.0,919094.5,272408.5
497,628902.5,1518848.0,272408.5
498,535822.0,1281591.0,272408.5
499,581854.0,1180625.0,272408.5
500,724699.0,1133021.5,272408.5
501,576537.5,1200552.0,272408.5
502,670216.0,1681854.5,272408.5
503,500678.5,1452221.5,272408.5
504,323931.0,1161529.5,272408.5
505,625925.5,1244265.0,272408.5
506,463274.0,1405211.5,272408.5
507,610840.0,1191829.0,272408.5
508,649313.0,1004753.5,272408.5
509,694660.0,1030120.0,272408.5
510,499340.0,1092760.5,272408.5
511,338573.0,1287030.5,272408.5
512,572434.0,1186660.5,272408.5
513,467000.0,1305916.5,272408.5
514,386945.0,1091270.0,272408.5
515,576034.5,1202979.0,272408.5
516,594630.0,983578.0,272408.5
517,571140.0,1307328.0,272408.5
518,572786.0,1742577.0,272408.5
519,374683.5,1224080.0,272408.5
520,530107.5,1090330.5,272408.5
521,481574.5,1197044.5,272408.5
522,524079.0,1162524.5,272408.5
523,545764.5,1259336.0,272408.5
524,429474.5,1278484.0,272408.5
525,543848.0,1175227.5,272408.5
526,498814.5,1133580.0,272408.5
527,653677.0,922708.0,272408.5
528,498524.0,1354826.5,272408.5
529,446710.5,990166.5,272408.5
530,478805.0,1047822.0,272408.5
531,408114.5,1066671.0,272408.5
532,596143.0,1240983.5,272408.5
533,603554.5,1466245.5,272408.5
534,601780.0,1321233.5,272408.5
535,397272.0,1102428.0,272408.5
536,549837.5,1045842.5,272408.5
537,546705.5,1350926.0,272408.5
538,517965.5,1083402.5,272408.5
539,505313.5,1051382.0,272408.5
540,575405.5,1113334.5,272408.5
541,444253.0,954330.0,272408.5
542,581690.5,1414384.5,272408.5
543,399792.5,1257693.5,272408.5
544,468938.5,1405120.5,272408.5
545,588206.5,1080881.0,272408.5
546,461535.5,993555.5,272408.5
547,576572.0,1069648.5,272408.5
548,468352.0,1122375.0,272408.5
549,318867.0,1240484.5,272408.5
550,367850.0,1063243.0,272408.5
551,553862.0,998191.5,272408.5
552,529143.0,1112575.5,272408.5
553,315099.0,1107616.0,272408.5
554,475261.5,1173372.5,272408.5
555,472092.0,1071591.0,272408.5
556,449813.0,969972.0,272408.5
557,584666.0,1128971.0,272408.5
558,579338.0,1264961.5,272408.5
559,569720.5,1326390.0,272408.5
560,315926.5,846481.0,272408.5
561,372895.0,1039032.5,272408.5
562,420204.5,1059691.0,272408.5
563,486860.5,1131634.5,272408.5
564,559721.5,1379108.0,272408.5
565,457559.5,1158128.5,272408.5
566,250857.0,878146.0,250857.0
567,416455.0,866896.0,250857.0
568,539547.0,1216685.0,250857.0
569,441844.5,1223308.0,250857.0
570,398125.0,1128244.0,250857.0
571,368029.5,965589.0,250857.0
572,457502.5,1068656.0,250857.0
573,517139.5,1023053.0,250857.0
574,473280.5,1074805.0,250857.0
575,641781.5,846431.5,250857.0
576,443052.5,1067310.5,250857.0
577,354149.0,1004103.5,250857.0
578,493698.0,1190546.0,250857.0
579,450841.0,867471.0,250857.0
580,529822.5,1198658.5,250857.0
581,533813.5,1154413.5,250857.0
582,396465.5,1170881.0,250857.0
583,418419.0,1049172.0,250857.0
584,634696.0,1143922.5,250857.0
585,493612.5,981610.0,250857.0
586,370219.5,901488.0,250857.0
587,474129.0,877516.0,250857.0
588,422534.5,1154278.0,250857.0
589,366318.5,1127410.0,250857.0
590,467971.5,1283864.0,250857.0
591,579519.0,889759.0,250857.0
592,489194.0,1258500.0,250857.0
593,625735.0,960129.0,250857.0
594,506510.0,1085391.5,250857.0
595,442773.0,1122255.5,250857.0
596,403408.0,1059696.0,250857.0
597,601063.5,1071990.0,250857.0
598,472657.0,966501.0,250857.0
599,359478.5,1166119.5,250857.0
600,508964.0,1028365.5,250857.0
601,577518.5,1037520.5,250857.0
602,474220.0,970807.5,250857.0
603,468447.5,890476.5,250857.0
604,557402.5,1221298.5,250857.0
605,520940.0,1005463.5,250857.0
606,634250.5,1072943.0,250857.0
607,421803.5,1234172.0,250857.0
608,415674.0,1123359.5,250857.0
609,507795.5,929442.0,250857.0
610,395244.5,862547.5,250857.0
611,429997.0,1055766.5,250857.0
612,540604.5,1120764.5,250857.0
613,620217.5,928864.5,250857.0
614,530184.5,1186527.0,250857.0
615,386371.5,1114021.0,250857.0
616,412364.0,871720.0,250857.0
617,332659.0,1091206.5,250857.0
618,471680.5,1003053.5,250857.0
619,401992.0,919547.5,250857.0
620,370849.5,974227.0,250857.0
621,433132.0,979026.5,250857.0
622,509492.0,880466.5,250857.0
623,570362.0,1054251.0,250857.0
624,536725.0,1037144.0,250857.0
625,346625.5,883425.5,250857.0
626,463081.5,898340.0,250857.0
627,542609.0,909974.0,250857.0
628,401642.0,815949.5,250857.0
629,529039.5,908382.0,250857.0
630,415616.0,957884.5,250857.0
631,583441.5,910863.5,250857.0
632,500706.5,851670.0,250857.0
633,471656.0,989062.0,250857.0
634,373020.5,1127097.5,250857.0
635,477937.5,934829.0,250857.0
636,419153.5,1024064.5,250857.0
637,456537.5,1182791.0,250857.0
638,344022.0,896840.5,250857.0
639,364442.5,882620.0,250857.0
640,407142.5,1008038.0,250857.0
641,298942.0,876157.0,250857.0
642,488559.0,1211056.5,250857.0
643,617552.0,1044770.5,250857.0
644,464495.5,1075972.5,250857.0
645,310419.5,1270976.0,250857.0
646,363682.0,896005.5,250857.0
647,319538.0,919873.0,250857.0
648,346626.0,1043653.0,250857.0
649,429370.0,954956.0,250857.0
650,397984.5,718780.0,250857.0
651,595745.5,1266504.5,250857.0
652,367558.0,888247.0,250857.0
653,356989.0,747442.0,250857.0
654,436982.0,989804.5,250857.0
655,375240.5,859752.0,250857.0
656,408566.0,858984.0,250857.0
657,369604.5,681729.0,250857.0
658,483900.5,1009112.0,250857.0
659,321776.5,1084912.5,250857.0
660,238265.5,998760.0,238265.5
661,468352.5,1327103.0,238265.5
662,414606.5,1041354.5,238265.5
663,331958.5,809549.0,238265.5
664,435137.0,932262.5,238265.5
665,445922.0,778668.5,238265.5
666,344629.0,767252.5,238265.5
667,409860.0,993579.5,238265.5
668,268851.5,858063.0,238265.5
669,437081.5,1067334.5,238265.5
670,401753.0,816978.0,238265.5
671,466286.0,845732.5,238265.5
672,443302.5,891320.0,238265.5
673,438983.0,796133.0,238265.5
674,398240.5,826143.5,238265.5
675,388134.0,849573.0,238265.5
676,454320.0,992085.0,238265.5
677,435358.5,919613.0,238265.5
678,452185.0,833646.0,238265.5
679,415190.0,711815.5,238265.5
680,498816.5,888651.5,238265.5
681,500774.5,754471.5,238265.5
682,431204.5,767099.0,238265.5
683,344502.0,906734.5,238265.5
684,504831.5,906628.5,238265.5
685,380513.5,771435.0,238265.5
686,276873.0,930125.0,238265.5
687,251591.5,823661.0,238265.5
688,267549.0,1281966.0,238265.5
689,348804.0,668618.5,238265.5
690,320587.0,806445.0,238265.5
691,400608.5,870063.0,238265.5
692,359975.0,824019.5,238265.5
693,309153.0,832227.0,238265.5
694,474398.0,881551.5,238265.5
695,314403.5,874250.0,238265.5
696,371152.0,1077555.0,238265.5
697,380127.0,969047.5,238265.5
698,426436.5,717670.5,238265.5
699,366976.5,918989.0,238265.5
700,473836.0,839700.0,238265.5
701,453385.0,645968.0,238265.5
702,334722.0,693918.5,238265.5
703,468408.5,971781.5,238265.5
704,446807.5,830331.0,238265.5
705,404147.5,1057408.0,238265.5
706,388627.5,795704.0,238265.5
707,319468.0,740427.0,238265.5
708,432150.0,885283.0,238265.5
709,439894.0,844430.5,238265.5
710,389067.0,762348.5,238265.5
711,295432.0,852126.5,238265.5
712,305652.5,719105.5,238265.5
713,415964.5,731960.5,238265.5
714,393800.0,752322.0,238265.5
715,436450.5,773355.5,238265.5
716,320786.0,823747.0,238265.5
717,436652.0,587299.0,238265.5
718,436796.5,855352.5,238265.5
719,354745.0,844395.5,238265.5
720,265506.5,671252.0,238265.5
721,319258.0,798628.0,238265.5
722,313689.5,808394.0,238265.5
723,358991.5,681845.5,238265.5
724,274135.5,566409.5,238265.5
725,321299.5,831320.5,238265.5
726,378520.0,726213.0,238265.5
727,322210.0,783291.5,238265.5
728,315359.0,659048.0,238265.5
729,408480.5,831249.5,238265.5
730,353864.5,897531.5,238265.5
731,394462.0,635328.0,238265.5
732,371205.0,770006.5,238265.5
733,336781.0,730007.0,238265.5
734,310870.0,706473.0,238265.5
735,492694.5,811347.5,238265.5
736,326159.5,762021.5,238265.5
737,243142.0,1048864.0,238265.5
738,200939.0,753945.0,200939.0
739,300978.0,851299.5,200939.0
740,392029.0,870096.0,200939.0
741,379141.5,647987.0,200939.0
742,405750.5,817783.0,200939.0
743,412469.0,937706.5,200939.0
744,320128.0,673782.0,200939.0
745,257652.0,716091.5,200939.0
746,312154.0,732546.5,200939.0
747,451865.5,713909.5,200939.0
748,301141.0,688434.0,200939.0
749,443070.0,623027.0,200939.0
750,305247.0,653295.5,200939.0
751,309009.0,720889.0,200939.0
752,252517.0,611748.5,200939.0
753,294326.0,903071.5,200939.0
754,372881.5,807444.0,200939.0
755,410785.0,861870.0,200939.0
756,360811.0,924268.5,200939.0
757,379363.5,722575.5,200939.0
758,198702.0,732204.5,198702.0
759,341834.5,723295.5,198702.0
760,329767.0,699291.0,198702.0
761,346588.5,789699.5,198702.0
762,374594.5,701227.0,198702.0
763,314511.0,782316.5,198702.0
764,403953.0,786764.5,198702.0
765,366981.5,660730.5,198702.0
766,346005.5,752883.5,198702.0
767,326202.5,625205.5,198702.0
768,345837.5,820925.0,198702.0
769,338674.0,691964.5,198702.0
770,405445.0,656467.5,198702.0
771,294529.0,705955.5,198702.0
772,318447.5,645889.5,198702.0
773,405788.0,698633.0,198702.0
774,369722.0,933557.0,198702.0
775,385788.0,750197.0,198702.0
776,381855.5,938403.5,198702.0
777,372002.0,701271.0,198702.0
778,368081.5,675571.0,198702.0
779,328648.0,551121.5,198702.0
780,385350.0,661210.0,198702.0
781,277699.0,742617.5,198702.0
782,404274.0,694230.0,198702.0
783,418003.5,719988.0,198702.0
784,428648.0,944437.0,198702.0
785,246987.5,731215.5,198702.0
786,338776.0,611669.5,198702.0
787,316394.5,806808.5,198702.0
788,309263.5,857086.0,198702.0
789,367293.5,755763.0,198702.0
790,252268.5,990856.5,198702.0
791,253468.5,691510.0,198702.0
792,247345.5,749590.5,198702.0
793,279935.0,740934.5,198702.0
794,317935.0,647892.0,198702.0
795,336726.0,661300.0,198702.0
796,286185.0,676455.0,198702.0
797,389247.0,813548.0,198702.0
798,317939.0,588127.0,198702.0
799,330384.5,714767.5,198702.0
800,340486.5,576644.5,198702.0
801,318695.5,629349.0,198702.0
802,310687.0,687866.0,198702.0
803,301314.5,866621.0,198702.0
804,354727.0,706529.5,198702.0
805,93671.5,672872.0,93671.5
806,328883.5,706841.5,93671.5
807,267594.5,651949.0,93671.5
808,339513.0,722624.0,93671.5
809,241006.0,673422.0,93671.5
810,326579.0,619670.0,93671.5
811,293712.5,743152.5,93671.5
812,263801.5,618486.0,93671.5
813,314810.5,830357.5,93671.5
814,255866.0,767251.5,93671.5
815,231527.5,554295.0,93671.5
816,399875.0,629699.5,93671.5
817,332534.0,591375.0,93671.5
818,346657.5,734686.0,93671.5
819,311162.5,572964.5,93671.5
820,280413.0,650552.5,93671.5
821,216802.0,596037.5,93671.5
822,345488.5,624135.0,93671.5
823,245677.5,691282.5,93671.5
824,287317.5,608627.0,93671.5
825,343971.0,727638.0,93671.5
826,325561.5,574508.0,93671.5
827,298454.0,693764.0,93671.5
828,263357.5,677020.5,93671.5
829,230450.0,629993.5,93671.5
830,247147.5,642449.0,93671.5
831,339139.5,640039.0,93671.5
832,325287.0,815621.0,93671.5
833,309535.5,878845.0,93671.5
834,286960.5,530877.0,93671.5
835,317267.0,764495.5,93671.5
836,296375.0,634032.0,93671.5
837,358408.5,806797.5,93671.5
838,325836.5,770234.0,93671.5
839,357050.5,579940.5,93671.5
840,397094.0,980936.5,93671.5
841,322698.0,474923.5,93671.5
842,239869.0,551136.5,93671.5
843,209977.5,519584.5,93671.5
844,357155.5,710459.0,93671.5
845,241921.0,696538.0,93671.5
846,294932.0,676635.5,93671.5
847,295913.0,599611.5,93671.5
848,302332.0,717509.0,93671.5
849,368243.0,817088.5,93671.5
850,260395.5,822140.0,93671.5
851,276173.0,551728.0,93671.5
852,326948.5,859142.5,93671.5
853,299849.0,633472.0,93671.5
854,359653.5,630099.5,93671.5
855,219378.0,709312.5,93671.5
856,215209.5,683277.5,93671.5
857,228969.5,674547.5,93671.5
858,348614.0,587842.0,93671.5
859,179346.5,770369.5,93671.5
860,246137.5,554296.0,93671.5
861,397899.0,765034.5,93671.5
862,192923.0,637372.5,93671.5
863,301034.5,523543.5,93671.5
864,164945.5,627303.5,93671.5
865,326013.0,636304.5,93671.5
866,269497.0,492292.0,93671.5
867,246278.0,750356.0,93671.5
868,329062.0,701755.0,93671.5
869,287677.5,629437.5,93671.5
870,271385.5,707613.5,93671.5
871,252970.5,498101.0,93671.5
872,197715.0,571687.0,93671.5
873,201318.5,514136.5,93671.5
874,195872.5,637032.5,93671.5
875,252194.0,529458.5,93671.5
876,269953.0,631881.0,93671.5
877,287095.5,664396.5,93671.5
878,257646.0,552348.0,93671.5
879,298027.5,661828.5,93671.5
880,232629.0,553526.0,93671.5
881,179624.5,682419.0,93671.5
882,321351.0,761922.5,93671.5
883,221264.5,463421.0,93671.5
884,123585.0,510244.5,93671.5
885,225420.0,590885.5,93671.5
886,257067.0,539798.5,93671.5
887,184894.0,538987.0,93671.5
888,298170.5,824470.5,93671.5
889,354985.0,527761.5,93671.5
890,208642.5,836510.0,93671.5
891,348983.0,694224.0,93671.5
892,239877.0,763306.5,93671.5
893,121883.0,581293.0,93671.5
894,228287.5,585636.5,93671.5
895,204459.0,558868.0,93671.5
896,193025.5,560901.0,93671.5
897,214908.0,515678.0,93671.5
898,260855.5,500619.5,93671.5
899,227628.0,479563.0,93671.5
900,250831.0,524797.5,93671.5
901,304138.5,527422.5,93671.5
902,251525.5,471017.0,93671.5
903,180536.0,511617.0,93671.5
904,227134.5,424355.0,93671.5
905,221393.5,630426.0,93671.5
906,214005.5,677380.0,93671.5
907,295078.0,632289.0,93671.5
908,284042.5,639415.5,93671.5
909,221283.0,536307.0,93671.5
910,284244.0,572857.0,93671.5
911,193978.0,461080.5,93671.5
912,205611.5,758646.0,93671.5
913,182646.0,531596.5,93671.5
914,258889.5,652402.0,93671.5
915,280987.0,523990.5,93671.5
916,161067.5,454358.0,93671.5
917,256384.0,431332.0,93671.5
918,223735.5,554756.5,93671.5
919,122211.5,414668.0,93671.5
920,219263.5,657043.5,93671.5
921,180413.5,399563.5,93671.5
922,264384.0,604846.5,93671.5
923,233698.5,448667.0,93671.5
924,243783.5,598530.5,93671.5
925,219870.0,612431.5,93671.5
926,218596.5,438170.5,93671.5
927,200140.5,533093.0,93671.5
928,190602.5,428996.0,93671.5
929,252058.0,421408.5,93671.5
930,272532.5,552275.0,93671.5
931,186588.5,537722.5,93671.5
932,197445.5,483538.5,93671.5
933,233623.5,657569.0,93671.5
934,188539.5,594565.5,93671.5
935,158847.0,473711.5,93671.5
936,264004.5,397122.5,93671.5
937,182746.5,493851.5,93671.5
938,197887.5,662924.5,93671.5
939,224983.5,480679.5,93671.5
940,245775.5,419527.0,93671.5
941,199202.0,473968.5,93671.5
942,218540.0,693011.0,93671.5
943,187735.5,513819.5,93671.5
944,206009.0,399526.0,93671.5
945,190605.5,430708.5,93671.5
946,275773.5,455441.5,93671.5
947,191598.5,437073.5,93671.5
948,206523.0,400740.5,93671.5
949,198070.5,445376.5,93671.5
950,157830.0,588710.5,93671.5
951,262068.5,523592.5,93671.5
952,177480.0,390673.0,93671.5
953,186614.0,382381.0,93671.5
954,186305.0,528052.5,93671.5
955,263133.0,410035.5,93671.5
956,247058.0,592769.5,93671.5
957,163581.5,417608.5,93671.5
958,190932.0,345342.0,93671.5
959,179761.5,530180.5,93671.5
960,168932.5,344388.0,93671.5
961,154443.0,520045.0,93671.5
962,146729.0,506513.5,93671.5
963,220762.5,363834.5,93671.5
964,163322.5,464141.5,93671.5
965,206189.5,411533.0,93671.5
966,283794.0,613625.0,93671.5
967,154826.5,452273.0,93671.5
968,155775.5,414043.5,93671.5
969,171683.5,373858.0,93671.5
970,189125.0,503190.5,93671.5
971,187939.0,378075.0,93671.5
972,176379.0,390586.0,93671.5
973,189158.5,435189.5,93671.5
974,127189.5,361483.5,93671.5
975,134111.5,359747.0,93671.5
976,153569.5,394845.5,93671.5
977,193522.5,407392.5,93671.5
978,219248.5,381313.5,93671.5
979,215332.5,415062.5,93671.5
980,161451.5,405867.5,93671.5
981,250252.5,409221.5,93671.5
982,181211.5,422959.0,93671.5
983,207377.0,515349.0,93671.5
984,160754.5,301368.0,93671.5
985,154264.5,319539.5,93671.5
986,151875.0,362554.0,93671.5
987,119041.5,445788.0,93671.5
988,149152.0,444977.0,93671.5
989,132817.0,467323.0,93671.5
990,137568.5,369528.0,93671.5
991,131714.5,272039.5,93671.5
992,160850.5,441276.5,93671.5
993,178407.0,344945.0,93671.5
994,157072.0,445263.0,93671.5
995,148595.5,318276.0,93671.5
996,166271.5,367824.5,93671.5
997,139716.5,352791.0,93671.5
998,160516.5,293166.5,93671.5
999,156481.0,298523.5,93671.5
1000,161070.5,359145.0,93671.5
1001,162889.5,362923.0,93671.5
1002,140503.0,423507.5,93671.5
1003,157349.0,354057.5,93671.5
1004,203830.0,472212.5,93671.5
1005,204376.5,305771.0,93671.5
1006,135985.0,390534.0,93671.5
1007,157783.5,301721.5,93671.5
1008,155293.0,359952.5,93671.5
1009,142385.0,392114.0,93671.5
1010,163730.5,309454.0,93671.5
1011,107451.0,409481.0,93671.5
1012,141115.5,318615.0,93671.5
1013,176127.0,386447.5,93671.5
1014,155672.0,294208.0,93671.5
1015,165416.5,386516.0,93671.5
1016,177348.5,330407.5,93671.5
1017,152254.0,280065.0,93671.5
1018,157096.0,395866.5,93671.5
1019,172061.0,347394.5,93671.5
1020,150437.0,301773.5,93671.5
1021,126777.5,364174.0,93671.5
1022,131819.0,305349.5,93671.5
1023,162666.0,279325.0,93671.5
1024,145041.0,295361.5,93671.5
1025,156729.5,230580.5,93671.5
1026,178127.5,319520.0,93671.5
1027,176505.5,275443.0,93671.5
1028,151613.0,272902.5,93671.5
1029,156583.5,257169.5,93671.5
1030,152900.0,328857.0,93671.5
1031,161675.0,319778.5,93671.5
1032,152414.0,238073.5,93671.5
1033,141308.0,313157.5,93671.5
1034,172574.5,276705.0,93671.5
1035,177355.5,254254.0,93671.5
1036,192234.5,277816.0,93671.5
1037,187328.5,357115.5,93671.5
1038,151654.0,273230.0,93671.5
1039,117070.0,402910.0,93671.5
1040,136544.0,330525.0,93671.5
1041,154582.5,267276.5,93671.5
1042,141035.5,389612.5,93671.5
1043,181014.5,438151.5,93671.5
1044,134273.5,307226.0,93671.5
1045,163233.0,292933.0,93671.5
1046,145157.5,304246.5,93671.5
1047,114558.0,267451.0,93671.5
1048,176434.0,334446.0,93671.5
1049,122690.5,514724.5,93671.5
1050,161100.0,285643.0,93671.5
1051,152088.5,293019.5,93671.5
1052,173647.0,278041.5,93671.5
1053,148500.0,346201.0,93671.5
1054,157900.5,296938.0,93671.5
1055,164514.5,311660.5,93671.5
1056,140256.5,322282.5,93671.5
1057,145859.0,269849.0,93671.5
1058,175413.0,268478.0,93671.5
1059,145405.5,336226.0,93671.5
1060,131632.0,360052.5,93671.5
1061,162433.0,288556.5,93671.5
1062,127450.0,238826.0,93671.5
1063,140016.0,233069.5,93671.5
1064,173626.0,259369.0,93671.5
1065,141399.5,289633.0,93671.5
1066,170869.0,228724.5,93671.5
1067,171559.5,257335.5,93671.5
1068,122855.5,263486.0,93671.5
1069,141563.5,263665.5,93671.5
1070,134437.0,295611.5,93671.5
1071,129014.5,227337.0,93671.5
1072,127040.0,343434.5,93671.5
1073,135766.5,257684.0,93671.5
1074,132232.0,237063.0,93671.5
1075,156644.0,281641.0,93671.5
1076,141849.0,274597.5,93671.5
1077,150891.5,359174.5,93671.5
1078,165623.5,324354.0,93671.5
1079,133297.0,192902.5,93671.5
1080,125088.0,209662.0,93671.5
1081,149972.0,312776.5,93671.5
1082,123878.5,316818.5,93671.5
1083,137584.5,203522.0,93671.5
1084,143100.0,300400.5,93671.5
1085,156392.5,288212.0,93671.5
1086,136778.0,285893.5,93671.5
1087,149650.5,214609.5,93671.5
1088,131279.0,263896.5,93671.5
1089,157385.5,247549.0,93671.5
1090,143865.0,296162.5,93671.5
1091,128302.5,274966.5,93671.5
1092,133168.0,280571.0,93671.5
1093,133204.0,278054.0,93671.5
1094,153035.0,265067.0,93671.5
1095,145988.5,263166.5,93671.5
1096,141480.0,255279.0,93671.5
1097,142008.5,236526.5,93671.5
1098,151993.5,313531.0,93671.5
1099,143362.5,233449.0,93671.5
1100,147792.5,269874.0,93671.5
1101,114541.0,217528.0,93671.5
1102,110775.0,298412.5,93671.5
1103,133189.5,245014.5,93671.5
1104,157677.0,255355.0,93671.5
1105,118416.5,327063.0,93671.5
1106,131754.5,243504.5,93671.5
1107,141886.0,245104.0,93671.5
1108,158236.5,235054.5,93671.5
1109,135808.0,357102.5,93671.5
1110,141678.0,237990.0,93671.5
1111,135063.0,292032.0,93671.5
1112,112092.5,275247.5,93671.5
1113,126687.5,249418.0,93671.5
1114,125261.0,274534.5,93671.5
1115,114175.5,214066.5,93671.5
1116,135961.5,220505.0,93671.5
1117,140490.0,206247.5,93671.5
1118,121607.5,266652.5,93671.5
1119,135951.5,260409.0,93671.5
1120,108096.5,226476.5,93671.5
1121,135096.5,182129.5,93671.5
1122,129533.5,224873.0,93671.5
1123,143914.0,261069.0,93671.5
1124,140424.5,230055.5,93671.5
1125,122784.5,240566.0,93671.5
1126,116307.5,247120.5,93671.5
1127,119257.0,275019.5,93671.5
1128,143902.0,225517.0,93671.5
1129,128883.0,214094.5,93671.5
1130,131307.0,218756.5,93671.5
1131,134247.0,244689.0,93671.5
1132,126895.5,268729.0,93671.5
1133,121082.5,208414.0,93671.5
1134,130676.0,252912.0,93671.5
1135,137812.5,236635.0,93671.5
1136,133456.5,236243.5,93671.5
1137,147849.0,214283.5,93671.5
1138,109143.0,204507.0,93671.5
1139,125602.0,190908.5,93671.5
1140,133290.0,231770.5,93671.5
1141,139943.5,215778.0,93671.5
1142,137665.5,252304.0,93671.5
1143,124392.5,245888.0,93671.5
1144,151340.0,225757.5,93671.5
1145,124495.0,193602.5,93671.5
1146,141553.5,236845.0,93671.5
1147,139149.5,209186.0,93671.5
1148,138847.0,198959.0,93671.5
1149,132902.5,210430.5,93671.5
1150,135255.5,212155.5,93671.5
1151,136339.5,195121.5,93671.5
1152,112338.0,260909.5,93671.5
1153,132169.5,277076.0,93671.5
1154,125661.5,225799.5,93671.5
1155,137543.5,178268.5,93671.5
1156,149959.0,208678.5,93671.5
1157,118657.0,214450.0,93671.5
1158,137311.5,178884.5,93671.5
1159,137404.0,185388.5,93671.5
1160,137363.0,192430.5,93671.5
1161,145695.5,176976.0,93671.5
1162,120643.5,230354.5,93671.5
1163,146257.5,202727.0,93671.5
1164,118703.5,203769.5,93671.5
1165,136974.5,200761.5,93671.5
1166,141515.5,211790.5,93671.5
1167,123680.0,178364.5,93671.5
1168,151346.0,244131.5,93671.5
1169,117943.5,203294.0,93671.5
1170,133978.5,249200.0,93671.5
1171,130839.5,182552.0,93671.5
1172,120620.0,187200.5,93671.5
1173,137729.0,251281.0,93671.5
1174,133745.0,210442.0,93671.5
1175,116205.5,183321.5,93671.5
1176,132774.0,187617.5,93671.5
1177,122280.0,207545.5,93671.5
1178,116733.0,204416.5,93671.5
1179,140621.5,218675.0,93671.5
1180,136159.5,190044.0,93671.5
1181,130354.0,174294.5,93671.5
1182,129656.5,199701.5,93671.5
1183,113371.5,188548.5,93671.5
1184,116509.0,195697.5,93671.5
1185,129550.5,200366.5,93671.5
1186,138422.5,185911.5,93671.5
1187,123853.0,173927.5,93671.5
1188,130646.5,200619.5,93671.5
1189,137701.0,180941.0,93671.5
1190,130137.0,170544.5,93671.5
1191,119419.0,183201.5,93671.5
1192,116983.5,193982.0,93671.5
1193,115052.0,194634.0,93671.5
1194,116497.0,222426.5,93671.5
1195,119317.5,232507.5,93671.5
1196,116497.0,164680.0,93671.5
1197,123058.0,156370.0,93671.5
1198,128739.0,185180.0,93671.5
1199,119670.0,241889.5,93671.5
1200,128899.0,195688.0,93671.5
1201,123582.5,201173.5,93671.5
1202,123727.5,176031.5,93671.5
1203,117759.0,152281.5,93671.5
1204,129491.0,212987.5,93671.5
1205,124388.0,168022.0,93671.5
1206,123660.5,178772.5,93671.5
1207,132473.0,165124.5,93671.5
1208,116693.5,166205.5,93671.5
1209,123680.0,171327.5,93671.5
1210,126241.0,176043.0,93671.5
1211,113332.0,183684.5,93671.5
1212,117659.0,190581.0,93671.5
1213,132043.5,206688.5,93671.5
1214,124702.0,182985.5,93671.5
1215,132620.5,187412.5,93671.5
1216,133497.5,209218.0,93671.5
1217,117224.5,169846.5,93671.5
1218,118278.5,171413.5,93671.5
1219,114871.5,190637.0,93671.5
1220,124844.5,190044.0,93671.5
1221,120713.5,187464.5,93671.5
1222,126271.5,213229.0,93671.5
1223,128591.0,173339.0,93671.5
1224,122746.5,172791.5,93671.5
1225,114116.0,185924.5,93671.5
1226,117395.5,163866.5,93671.5
1227,113937.0,180760.5,93671.5
1228,115365.5,181290.5,93671.5
1229,120466.0,169486.5,93671.5
1230,122899.0,181487.5,93671.5
1231,116922.0,209184.5,93671.5
1232,116309.5,157055.0,93671.5
1233,110725.0,163312.0,93671.5
1234,119182.0,157096.5,93671.5
1235,123669.5,178125.0,93671.5
1236,115464.5,178306.5,93671.5
1237,118519.5,173041.0,93671.5
1238,128333.0,158126.0,93671.5
1239,114471.5,171806.0,93671.5
1240,123680.5,196696.5,93671.5
1241,115365.5,163347.0,93671.5
1242,115132.5,161354.0,93671.5
1243,123804.0,177977.5,93671.5
1244,117943.5,187737.0,93671.5
1245,110853.0,170167.5,93671.5
1246,115543.0,199865.0,93671.5
1247,121113.0,146790.5,93671.5
1248,125119.5,159545.5,93671.5
1249,115342.5,149477.0,93671.5
1250,116663.5,163308.0,93671.5
1251,114165.0,159547.5,93671.5
1252,117920.5,172226.5,93671.5
1253,115248.0,158603.0,93671.5
1254,110853.0,154795.5,93671.5
1255,115046.0,141941.5,93671.5
1256,117269.0,165836.0,93671.5
1257,115108.5,183279.5,93671.5
1258,116501.5,180516.0,93671.5
1259,110694.5,180127.0,93671.5
1260,114339.0,170099.0,93671.5
1261,113976.5,162578.0,93671.5
1262,110947.5,168341.0,93671.5
1263,115365.5,173221.0,93671.5
1264,115074.5,163016.5,93671.5
1265,115937.5,159453.5,93671.5
1266,117453.5,155178.0,93671.5
1267,107648.5,181733.5,93671.5
1268,121076.5,165415.5,93671.5
1269,116868.5,158945.5,93671.5
1270,106688.0,173233.0,93671.5
1271,114870.5,152694.5,93671.5
1272,112125.0,158264.0,93671.5
1273,124387.5,159898.0,93671.5
1274,110853.0,151470.5,93671.5
1275,116019.0,160066.5,93671.5
1276,110883.5,197387.5,93671.5
1277,122435.0,174742.5,93671.5
1278,123176.5,177534.5,93671.5
1279,114168.5,140617.0,93671.5
1280,114002.0,173085.5,93671.5
1281,114002.0,197310.0,93671.5
1282,113924.5,163062.0,93671.5
1283,116134.5,183024.5,93671.5
1284,117659.5,174013.0,93671.5
1285,111740.0,180807.5,93671.5
1286,110663.5,154969.5,93671.5
1287,116758.0,153131.5,93671.5
1288,111533.0,146167.5,93671.5
1289,122870.5,196807.5,93671.5
1290,118228.5,176757.0,93671.5
1291,117236.0,176014.0,93671.5
1292,116670.5,166782.0,93671.5
1293,113937.0,147099.0,93671.5
1294,113962.5,176972.5,93671.5
1295,117920.5,197461.5,93671.5
1296,114534.0,138969.5,93671.5
1297,116725.5,176694.5,93671.5
1298,113924.5,170377.5,93671.5
1299,112129.0,159897.5,93671.5
1300,116717.5,175470.0,93671.5
1301,123208.0,156977.0,93671.5
1302,110694.5,159949.5,93671.5
1303,117092.0,173920.0,93671.5
1304,110690.0,168421.5,93671.5
1305,113629.5,138691.0,93671.5
1306,110676.0,159584.0,93671.5
1307,113962.0,177456.5,93671.5
1308,114175.5,195431.0,93671.5
1309,117868.0,197996.5,93671.5
1310,114056.5,139672.0,93671.5
1311,114000.5,146754.0,93671.5
1312,116717.5,143144.5,93671.5
1313,111718.0,173603.5,93671.5
1314,107240.5,145160.5,93671.5
1315,119017.5,164679.5,93671.5
1316,114701.5,156271.5,93671.5
1317,112133.5,156988.5,93671.5
1318,119069.0,182927.5,93671.5
1319,108122.5,162244.0,93671.5
1320,113976.5,138099.0,93671.5
1321,112133.5,146019.5,93671.5
1322,108186.5,158882.5,93671.5
1323,109444.5,189293.5,93671.5
1324,112453.5,147731.0,93671.5
1325,110401.0,130850.0,93671.5
1326,115353.0,146743.5,93671.5
1327,114394.5,168221.0,93671.5
1328,118521.5,149502.5,93671.5
1329,113937.0,160451.0,93671.5
1330,111740.0,149864.5,93671.5
1331,113964.0,147999.5,93671.5
1332,127400.5,155852.5,93671.5
1333,113924.5,151213.0,93671.5
1334,113937.0,177544.0,93671.5
1335,110684.0,142719.0,93671.5
1336,113924.5,159359.5,93671.5
1337,113262.5,149851.5,93671.5
1338,112128.0,142840.5,93671.5
1339,116509.0,163502.0,93671.5
1340,116681.0,159786.5,93671.5
1341,116693.5,138348.5,93671.5
1342,116037.0,155423.5,93671.5
1343,116693.5,156960.0,93671.5
1344,105902.5,156276.0,93671.5
1345,113962.0,173442.5,93671.5
1346,112133.5,149932.0,93671.5
1347,116901.0,149477.0,93671.5
1348,115520.5,157518.5,93671.5
1349,108137.5,149747.5,93671.5
1350,106498.0,141485.5,93671.5
1351,116693.5,152180.0,93671.5
1352,107820.0,140391.5,93671.5
1353,113937.0,142187.0,93671.5
1354,113961.0,141509.5,93671.5
1355,112907.5,160737.0,93671.5
1356,112300.0,151890.5,93671.5
1357,120806.0,137212.0,93671.5
1358,108127.0,139808.0,93671.5
1359,113728.5,143700.0,93671.5
1360,109166.5,156731.5,93671.5
1361,116210.0,155944.0,93671.5
1362,113962.0,145333.5,93671.5
1363,113937.0,143781.5,93671.5
1364,112129.0,138590.0,93671.5
1365,112337.5,136746.5,93671.5
1366,113752.5,148193.0,93671.5
1367,111861.0,140968.0,93671.5
1368,111740.0,197214.0,93671.5
1369,111901.5,163252.5,93671.5
1370,112352.0,168422.0,93671.5
1371,113962.5,144940.5,93671.5
1372,114886.0,143781.0,93671.5
1373,115840.5,141719.5,93671.5
1374,113937.0,136159.5,93671.5
1375,104771.5,134336.0,93671.5
1376,110694.5,133357.0,93671.5
1377,113937.0,138512.5,93671.5
1378,111633.5,142558.0,93671.5
1379,116561.0,146720.5,93671.5
1380,112337.5,142466.0,93671.5
1381,112312.5,144663.0,93671.5
1382,112376.0,132050.5,93671.5
1383,118099.0,143993.0,93671.5
1384,116719.0,143636.5,93671.5
1385,113924.5,138550.0,93671.5
1386,113924.5,148522.0,93671.5
1387,114761.0,141319.0,93671.5
1388,114000.5,147044.5,93671.5
1389,109637.5,126904.5,93671.5
1390,112338.0,155410.5,93671.5
1391,112377.5,137548.0,93671.5
1392,113964.0,135794.0,93671.5
1393,112312.5,126522.5,93671.5
1394,113962.5,151202.5,93671.5
1395,113976.5,131802.5,93671.5
1396,107820.0,135768.5,93671.5
1397,116010.5,134783.0,93671.5
1398,113937.0,125280.0,93671.5
1399,113631.5,141257.0,93671.5
1400,108092.0,149943.5,93671.5
1401,109643.5,148193.0,93671.5
1402,106688.0,134768.5,93671.5
1403,111829.5,140681.5,93671.5
1404,106677.5,130516.0,93671.5
1405,107474.0,134725.0,93671.5
1406,110401.0,141509.5,93671.5
1407,113752.5,135794.0,93671.5
1408,112907.5,143636.5,93671.5
1409,106396.0,145432.0,93671.5
1410,109436.0,131802.5,93671.5
1411,112337.5,146559.5,93671.5
1412,112337.5,134808.5,93671.5
1413,109190.5,121782.5,93671.5
1414,106965.5,149951.5,93671.5
1415,108137.0,156276.0,93671.5
1416,108131.5,133119.0,93671.5
1417,116134.5,137375.0,93671.5
1418,113937.0,135975.0,93671.5
1419,111615.5,136724.0,93671.5
1420,106965.0,142617.5,93671.5
1421,113937.0,138550.0,93671.5
1422,113962.5,142197.5,93671.5
1423,111861.0,145605.5,93671.5
1424,106679.5,129200.5,93671.5
1425,114002.0,132026.5,93671.5
1426,112376.0,135584.0,93671.5
1427,112289.5,132026.5,93671.5
1428,113937.0,138716.5,93671.5
1429,106965.0,132192.5,93671.5
1430,113976.5,135618.5,93671.5
1431,106683.5,137121.5,93671.5
1432,112588.0,141536.5,93671.5
1433,113752.5,135934.5,93671.5
1434,113964.0,138379.5,93671.5
1435,106688.0,135618.5,93671.5
1436,116693.5,142488.0,93671.5
1437,113338.5,121782.5,93671.5
1438,113924.5,146106.5,93671.5
1439,113976.5,130804.0,93671.5
1440,113752.5,127400.5,93671.5
1441,113962.5,146007.5,93671.5
1442,109151.0,128899.0,93671.5
1443,113257.5,138525.0,93671.5
1444,106683.5,131952.5,93671.5
1445,113961.0,135768.5,93671.5
1446,106971.5,138525.0,93671.5
1447,108186.5,131957.0,93671.5
1448,112312.5,132905.5,93671.5
1449,109127.0,134934.5,93671.5
1450,115101.0,136061.0,93671.5
1451,113752.5,135961.5,93671.5
1452,113937.0,146745.5,93671.5
1453,109440.0,135998.0,93671.5
1454,113962.5,135768.5,93671.5
1455,109444.5,132012.5,93671.5
1456,116693.5,135993.5,93671.5
1457,109444.5,128769.5,93671.5
1458,109436.0,127861.0,93671.5
1459,106683.5,132014.0,93671.5
1460,113752.5,131987.0,93671.5
1461,116718.5,136422.0,93671.5
1462,108127.0,135833.5,93671.5
1463,113914.0,138525.0,93671.5
1464,106971.0,131987.0,93671.5
1465,113937.0,134559.0,93671.5
1466,106370.5,126539.0,93671.5
1467,113961.0,135794.0,93671.5
1468,113937.0,135768.5,93671.5
1469,106396.0,128831.0,93671.5
1470,108186.5,134369.0,93671.5
1471,113924.5,126904.5,93671.5
1472,113752.5,142239.5,93671.5
1473,113752.5,145436.5,93671.5
1474,113937.0,136426.5,93671.5
1475,113976.5,138937.5,93671.5
1476,113752.5,121177.0,93671.5
1477,109151.0,148046.5,93671.5
1478,113752.5,137062.0,93671.5
1479,109152.5,125104.5,93671.5
1480,106688.0,129359.5,93671.5
1481,106679.5,127861.0,93671.5
1482,106688.0,127216.5,93671.5
1483,106688.0,142488.0,93671.5
1484,108084.5,139183.0,93671.5
1485,110943.0,150571.0,93671.5
1486,113752.5,121117.5,93671.5
1487,113752.5,129656.5,93671.5
1488,109152.5,132177.0,93671.5
1489,107474.0,142849.0,93671.5
1490,106971.0,128403.0,93671.5
1491,109444.5,119674.0,93671.5
1492,109444.5,145605.5,93671.5
1493,108118.5,129661.0,93671.5
1494,113937.0,128339.0,93671.5
1495,106688.0,146754.0,93671.5
1496,106688.0,125094.0,93671.5
1497,106679.5,122133.5,93671.5
1498,113924.5,138014.0,93671.5
1499,113937.0,142479.5,93671.5
1500,106679.5,125045.0,93671.5
1501,112911.5,135584.0,93671.5
1502,113924.5,122133.5,93671.5
1503,113262.5,128343.5,93671.5
1504,113924.5,139174.5,93671.5
1505,110689.5,146754.0,93671.5
1506,113961.0,138340.0,93671.5
1507,113752.5,135959.5,93671.5
1508,113937.0,120826.0,93671.5
1509,106688.0,131987.0,93671.5
1510,111649.5,142197.5,93671.5
1511,108127.0,135612.5,93671.5
1512,113752.5,132242.5,93671.5
1513,113924.5,135623.0,93671.5
1514,105055.0,132153.0,93671.5
1515,113310.0,142844.5,93671.5
1516,112339.5,134935.0,93671.5
1517,106683.5,122435.0,93671.5
1518,109127.0,135618.5,93671.5
1519,106688.0,137062.0,93671.5
1520,106679.5,126603.0,93671.5
1521,113937.0,131007.0,93671.5
1522,113257.5,137374.5,93671.5
1523,113924.5,125100.0,93671.5
1524,106683.5,118525.5,93671.5
1525,106677.5,132178.5,93671.5
1526,113752.5,135623.0,93671.5
1527,108122.5,122284.0,93671.5
1528,106688.0,119539.0,93671.5
1529,113752.5,138379.5,93671.5
1530,108122.5,123315.5,93671.5
1531,106396.0,122725.5,93671.5
1532,113937.0,135614.5,93671.5
1533,113924.5,121286.5,93671.5
1534,113752.5,126900.0,93671.5
1535,108118.5,117878.5,93671.5
1536,113752.5,137051.5,93671.5
1537,113752.5,126904.5,93671.5
1538,106683.5,121177.0,93671.5
1539,113752.5,119482.0,93671.5
1540,113924.5,119674.0,93671.5
1541,116717.5,132218.0,93671.5
1542,106965.0,122435.0,93671.5
1543,113962.0,134342.0,93671.5
1544,113937.0,122721.0,93671.5
1545,109127.0,118530.0,93671.5
1546,113937.0,120826.0,93671.5
1547,113937.0,128403.0,93671.5
1548,113937.0,125021.5,93671.5
1549,113962.5,121117.5,93671.5
1550,109154.0,129661.0,93671.5
1551,108084.5,129661.0,93671.5
1552,113924.5,121177.0,93671.5
1553,113961.0,118525.5,93671.5
1554,113924.5,129661.0,93671.5
1555,106683.5,129650.5,93671.5
1556,113937.0,126538.5,93671.5
1557,106971.5,123582.5,93671.5
1558,113937.0,133455.5,93671.5
1559,113924.5,129661.0,93671.5
1560,113962.5,121262.5,93671.5
1561,113937.0,123578.0,93671.5
1562,108127.0,121286.5,93671.5
1563,113752.5,121286.5,93671.5
1564,113752.5,128343.5,93671.5
1565,113937.0,128333.0,93671.5
1566,113752.5,126904.5,93671.5
1567,113752.5,126894.0,93671.5
1568,113752.5,128899.0,93671.5
1569,113924.5,128335.0,93671.5
1570,113937.0,128047.5,93671.5
1571,113924.5,127861.0,93671.5
1572,113254.0,126543.5,93671.5
1573,113964.0,133391.5,93671.5
1574,113964.0,129200.5,93671.5
1575,109440.0,121282.0,93671.5
1576,113924.5,127861.0,93671.5
1577,113752.5,121117.5,93671.5
1578,113752.5,136418.0,93671.5
1579,113937.0,131100.0,93671.5
1580,113752.5,126904.5,93671.5
1581,113937.0,126904.5,93671.5
1582,113937.0,121117.5,93671.5
1583,109434.0,127400.5,93671.5
1584,113924.5,121782.5,93671.5
1585,113924.5,130146.5,93671.5
1586,113752.5,129190.0,93671.5
1587,113937.0,126894.0,93671.5
1588,113962.0,126539.0,93671.5
1589,113924.5,126904.5,93671.5
1590,113924.5,122265.0,93671.5
1591,113937.0,122426.5,93671.5
1592,113937.0,125081.0,93671.5
1593,106683.5,128343.5,93671.5
1594,113752.5,126603.0,93671.5
1595,106677.5,119802.5,93671.5
1596,113924.5,125017.0,93671.5
1597,113752.5,122721.0,93671.5
1598,113752.5,123865.5,93671.5
1599,106370.5,119960.5,93671.5
1600,113752.5,123874.0,93671.5
1601,113752.5,127861.0,93671.5
1602,106370.5,123874.0,93671.5
1603,106683.5,126543.5,93671.5
1604,113937.0,119307.0,93671.5
1605,106971.5,123865.5,93671.5
1606,113752.5,121782.5,93671.5
1607,113752.5,123574.0,93671.5
1608,106370.5,121315.0,93671.5
1609,113752.5,119482.0,93671.5
1610,112905.0,125100.0,93671.5
1611,113937.0,127750.5,93671.5
1612,106688.0,120826.0,93671.5
1613,113254.0,119317.5,93671.5
1614,113752.5,122435.0,93671.5
1615,113937.0,122133.5,93671.5
1616,113924.5,118521.5,93671.5
1617,113752.5,119668.0,93671.5
1618,113961.0,121278.0,93671.5
1619,113752.5,122717.0,93671.5
1620,113964.0,123213.0,93671.5
1621,113520.0,119317.5,93671.5
1622,108127.0,125104.5,93671.5
1623,113937.0,121286.5,93671.5
1624,113924.5,121276.0,93671.5
1625,109444.5,119313.0,93671.5
1626,113752.5,125081.0,93671.5
1627,113937.0,129656.5,93671.5
1628,113937.0,128339.0,93671.5
1629,113752.5,125100.0,93671.5
1630,110883.5,128343.5,93671.5
1631,113937.0,122430.5,93671.5
1632,113924.5,122426.5,93671.5
1633,108127.0,125096.0,93671.5
1634,113937.0,122435.0,93671.5
1635,113924.5,121177.0,93671.5
1636,113752.5,122430.5,93671.5
1637,113937.0,122074.0,93671.5
1638,109444.5,118637.0,93671.5
1639,113752.5,121177.0,93671.5
1640,113752.5,121177.0,93671.5
1641,113937.0,122133.5,93671.5
1642,113924.5,125100.0,93671.5
1643,106683.5,130699.0,93671.5
1644,113937.0,122435.0,93671.5
1645,113924.5,121286.5,93671.5
1646,106965.0,121177.0,93671.5
1647,113924.5,119309.0,93671.5
1648,106358.0,118521.5,93671.5
1649,113752.5,119317.5,93671.5
1650,109444.5,121262.5,93671.5
1651,109151.0,122435.0,93671.5
1652,106951.0,118530.0,93671.5
1653,113924.5,118643.0,93671.5
1654,113924.5,125104.5,93671.5
1655,106965.0,122265.0,93671.5
1656,113752.5,122426.5,93671.5
1657,113937.0,121774.0,93671.5
1658,112905.0,119802.5,93671.5
1659,113752.5,120149.0,93671.5
1660,113937.0,129200.5,93671.5
1661,113752.5,120143.0,93671.5
1662,113752.5,121309.5,93671.5
1663,109440.0,122426.5,93671.5
1664,113937.0,123582.5,93671.5
1665,113752.5,119969.0,93671.5
1666,113924.5,121286.5,93671.5
1667,113752.5,116718.5,93671.5
1668,113262.5,120821.5,93671.5
1669,113937.0,119026.0,93671.5
1670,113752.5,119756.0,93671.5
1671,106971.0,120028.5,93671.5
1672,113924.5,125104.5,93671.5
1673,107474.0,118643.0,93671.5
1674,106679.5,117870.0,93671.5
1675,106679.5,131806.0,93671.5
1676,106965.5,121117.5,93671.5
1677,113924.5,126603.0,93671.5
1678,111740.0,125104.5,93671.5
1679,106370.5,125104.5,93671.5
1680,113752.5,121286.5,93671.5
1681,108131.5,118643.0,93671.5
1682,113937.0,120149.0,93671.5
1683,113937.0,121282.0,93671.5
1684,106965.0,119808.5,93671.5
1685,113752.5,121281.5,93671.5
1686,108131.0,121286.5,93671.5
1687,109127.0,121286.5,93671.5
1688,106683.5,121262.5,93671.5
1689,113961.0,120143.0,93671.5
1690,113752.5,118519.5,93671.5
1691,106683.5,119958.5,93671.5
1692,106688.0,119969.0,93671.5
1693,109127.0,129661.0,93671.5
1694,113752.5,121282.0,93671.5
1695,108084.5,119198.5,93671.5
1696,113937.0,121276.0,93671.5
1697,113752.5,125100.0,93671.5
1698,106688.0,119969.0,93671.5
1699,108084.5,119969.0,93671.5
1700,106971.5,119802.5,93671.5
1701,113924.5,126543.5,93671.5
1702,113937.0,121286.5,93671.5
1703,113924.5,121286.5,93671.5
1704,113924.5,118636.5,93671.5
1705,109127.0,119678.5,93671.5
1706,106971.5,129650.5,93671.5
1707,106971.5,119808.5,93671.5
1708,113937.0,116730.0,93671.5
1709,108127.0,129550.5,93671.5
1710,113752.5,119802.5,93671.5
1711,106683.0,121286.5,93671.5
1712,106683.5,121315.5,93671.5
1713,109444.5,113976.5,93671.5
1714,113752.5,119802.5,93671.5
1715,113914.0,122725.5,93671.5
1716,106688.0,120149.5,93671.5
1717,106683.5,116758.5,93671.5
1718,113526.5,119960.5,93671.5
1719,106951.0,126904.5,93671.5
1720,113520.0,119969.0,93671.5
1721,113909.0,122265.0,93671.5
1722,106688.0,126252.0,93671.5
1723,109440.0,122785.0,93671.5
1724,106688.0,120149.0,93671.5
1725,106683.0,120028.5,93671.5
1726,113752.5,120149.5,93671.5
1727,113937.0,119958.5,93671.5
1728,113334.5,121276.0,93671.5
1729,106688.0,121276.0,93671.5
1730,106683.5,128043.5,93671.5
1731,106677.5,120028.5,93671.5
1732,113752.5,120028.5,93671.5
1733,106965.5,121278.0,93671.5
1734,109591.0,119969.0,93671.5
1735,113937.0,122721.0,93671.5
1736,113752.5,119969.0,93671.5
1737,113752.5,120465.0,93671.5
1738,108186.5,121282.0,93671.5
1739,106688.0,119756.0,93671.5
1740,108118.5,122721.0,93671.5
1741,106971.0,116693.5,93671.5
1742,109151.0,122430.5,93671.5
1743,113937.0,121309.0,93671.5
1744,106965.5,118636.5,93671.5
1745,106683.5,116693.5,93671.5
1746,113752.5,118636.5,93671.5
1747,113937.0,120460.5,93671.5
1748,106951.0,118636.5,93671.5
1749,113937.0,119145.5,93671.5
1750,106688.0,118642.5,93671.5
1751,108137.5,126904.5,93671.5
1752,106971.5,116688.0,93671.5
1753,108127.0,120143.5,93671.5
1754,107527.0,119969.0,93671.5
1755,106971.5,119678.5,93671.5
1756,108186.5,120028.5,93671.5
1757,113752.5,122715.0,93671.5
1758,113937.0,120028.5,93671.5
1759,106688.0,120149.5,93671.5
1760,113752.5,119788.5,93671.5
1761,108137.5,121315.0,93671.5
1762,108186.5,121286.5,93671.5
1763,113937.0,121286.5,93671.5
1764,108084.5,121286.5,93671.5
1765,108186.5,120143.0,93671.5
1766,108084.5,122074.0,93671.5
1767,106679.5,125096.0,93671.5
1768,113962.5,119964.5,93671.5
1769,108122.5,119802.5,93671.5
1770,106688.0,121281.5,93671.5
1771,109444.5,119377.0,93671.5
1772,108118.5,119969.0,93671.5
1773,113924.5,129656.5,93671.5
1774,106971.5,122725.5,93671.5
1775,108084.5,119802.5,93671.5
1776,109444.5,120028.5,93671.5
1777,113937.0,128403.0,93671.5
1778,108127.0,117878.5,93671.5
1779,113976.5,121927.5,93671.5
1780,113752.5,119756.0,93671.5
1781,113937.0,118643.0,93671.5
1782,113961.0,121286.5,93671.5
1783,113752.5,118637.0,93671.5
1784,108186.5,119802.5,93671.5
1785,113752.5,119969.0,93671.5
1786,106965.5,119309.0,93671.5
1787,106971.0,120129.0,93671.5
1788,113924.5,120143.5,93671.5
1789,110883.5,119809.0,93671.5
1790,110883.5,122785.0,93671.5
1791,110879.0,121286.5,93671.5
1792,106683.5,118637.0,93671.5
1793,108137.0,118636.5,93671.5
1794,106683.0,119788.5,93671.5
1795,106951.0,121282.0,93671.5
1796,109591.0,122720.5,93671.5
1797,108137.0,118643.0,93671.5
1798,113937.0,121286.5,93671.5
1799,113752.5,121309.0,93671.5
1800,106965.0,122717.0,93671.5
1801,106683.5,116720.5,93671.5
1802,113937.0,119809.0,93671.5
1803,109444.5,118622.5,93671.5
1804,113924.5,122725.5,93671.5
1805,106688.0,121276.0,93671.5
1806,109127.0,116717.5,93671.5
1807,113924.5,120028.5,93671.5
1808,113924.5,122721.0,93671.5
1809,113937.0,122074.0,93671.5
1810,113752.5,119756.0,93671.5
1811,106965.5,116693.5,93671.5
1812,113752.5,118525.0,93671.5
1813,113937.0,118642.5,93671.5
1814,106677.5,120149.5,93671.5
1815,113752.5,119756.0,93671.5
1816,108122.5,119803.0,93671.5
1817,108116.5,116301.0,93671.5
1818,108137.5,119964.5,93671.5
1819,108127.0,118636.5,93671.5
1820,113526.5,122785.0,93671.5
1821,106971.0,119960.5,93671.5
1822,106679.5,121315.5,93671.5
1823,113752.5,121286.5,93671.5
1824,113520.0,121295.0,93671.5
1825,113924.5,118530.0,93671.5
1826,106688.0,121286.5,93671.5
1827,113752.5,118643.0,93671.5
1828,109591.0,121315.0,93671.5
1829,113752.5,121315.5,93671.5
1830,109644.0,118637.0,93671.5
1831,106951.0,121262.5,93671.5
1832,113752.5,116693.5,93671.5
1833,106965.0,116758.5,93671.5
1834,113752.5,122715.0,93671.5
1835,106688.0,121282.0,93671.5
1836,113752.5,119969.0,93671.5
1837,113937.0,122725.5,93671.5
1838,110883.5,121262.5,93671.5
1839,106971.0,121315.5,93671.5
1840,108127.0,119969.0,93671.5
1841,113914.0,119969.0,93671.5
1842,113937.0,119802.5,93671.5
1843,110883.5,119964.5,93671.5
1844,109637.5,121315.5,93671.5
1845,106677.5,116720.5,93671.5
1846,113937.0,119960.5,93671.5
1847,113937.0,119964.5,93671.5
1848,113937.0,121309.0,93671.5
1849,106971.5,121276.0,93671.5
1850,113752.5,116733.0,93671.5
1851,113924.5,120149.5,93671.5
1852,106971.5,121309.0,93671.5
1853,113752.5,116758.5,93671.5
1854,108127.0,116720.5,93671.5
1855,113924.5,120028.5,93671.5
1856,109444.5,118643.0,93671.5
1857,113752.5,116693.5,93671.5
1858,113520.0,116733.0,93671.5
1859,108117.0,121315.0,93671.5
1860,108117.0,118642.5,93671.5
1861,106965.5,114000.5,93671.5
1862,113752.5,118622.5,93671.5
1863,113937.0,121262.5,93671.5
1864,113752.5,119756.0,93671.5
1865,106971.5,119969.0,93671.5
1866,113937.0,119809.0,93671.5
1867,113937.0,118642.5,93671.5
1868,106951.0,118636.5,93671.5
1869,106965.0,118636.5,93671.5
1870,113937.0,122785.0,93671.5
1871,113526.5,120143.0,93671.5
1872,106688.0,120149.5,93671.5
1873,113752.5,118636.5,93671.5
1874,113752.5,120028.5,93671.5
1875,113752.5,120028.5,93671.5
1876,113752.5,121278.0,93671.5
1877,113924.5,120028.5,93671.5
1878,106965.0,119960.5,93671.5
1879,108186.5,119756.0,93671.5
1880,113924.5,116733.0,93671.5
1881,113937.0,119960.5,93671.5
1882,106965.0,119809.0,93671.5
1883,113752.5,120028.5,93671.5
1884,113937.0,119969.0,93671.5
1885,113752.5,119960.5,93671.5
1886,113937.0,119969.0,93671.5
1887,113937.0,119803.0,93671.5
1888,113752.5,118637.0,93671.5
1889,113752.5,119958.5,93671.5
1890,108137.5,119756.0,93671.5
1891,113752.5,118530.0,93671.5
1892,113752.5,119969.0,93671.5
1893,106688.0,119788.5,93671.5
1894,106679.5,119809.0,93671.5
1895,113752.5,116719.0,93671.5
1896,113752.5,119808.5,93671.5
1897,113752.5,118642.5,93671.5
1898,113937.0,114002.0,93671.5
1899,113924.5,116733.0,93671.5
1900,113752.5,119803.0,93671.5
1901,113752.5,119809.0,93671.5
1902,113937.0,120028.5,93671.5
1903,113752.5,118525.5,93671.5
1904,113752.5,119969.0,93671.5
1905,106677.5,118636.5,93671.5
1906,113924.5,119969.0,93671.5
1907,113752.5,118530.0,93671.5
1908,113752.5,119809.0,93671.5
1909,113752.5,119969.0,93671.5
1910,113924.5,118643.0,93671.5
1911,113752.5,119809.0,93671.5
1912,113752.5,121315.0,93671.5
1913,113924.5,114001.5,93671.5
1914,113752.5,118530.0,93671.5
1915,113752.5,118643.0,93671.5
1916,113752.5,114002.0,93671.5
1917,113924.5,114002.0,93671.5
1918,113752.5,118642.5,93671.5
1919,113752.5,118525.5,93671.5
1920,113752.5,114000.5,93671.5
1921,113752.5,114001.5,93671.5
1922,113752.5,113976.5,93671.5
1923,113924.5,119808.5,93671.5
1924,113752.5,113976.5,93671.5
1925,113937.0,119756.0,93671.5
1926,113752.5,118521.5,93671.5
1927,113752.5,119802.5,93671.5
1928,113752.5,119809.0,93671.5
1929,113752.5,114002.0,93671.5
1930,113924.5,119964.5,93671.5
1931,113752.5,119809.0,93671.5
1932,113752.5,114000.5,93671.5
1933,113924.5,116693.5,93671.5
1934,113752.5,119803.0,93671.5
1935,113752.5,118636.5,93671.5
1936,113937.0,118643.0,93671.5
1937,113752.5,119809.0,93671.5
1938,113937.0,119960.5,93671.5
1939,113924.5,118521.5,93671.5
1940,113752.5,114002.0,93671.5
1941,113924.5,119756.0,93671.5
1942,113924.5,119960.5,93671.5
1943,113752.5,119802.5,93671.5
1944,113752.5,113976.5,93671.5
1945,113937.0,119969.0,93671.5
1946,113752.5,119802.5,93671.5
1947,113937.0,119756.0,93671.5
1948,113752.5,118622.5,93671.5
1949,113924.5,114002.0,93671.5
1950,113752.5,114002.0,93671.5
1951,113752.5,118642.5,93671.5
1952,113752.5,119958.5,93671.5
1953,113752.5,114001.5,93671.5
1954,113752.5,119808.5,93671.5
1955,113752.5,118636.5,93671.5
1956,113752.5,114002.0,93671.5
1957,113752.5,118530.0,93671.5
1958,113752.5,119958.5,93671.5
1959,113752.5,119756.0,93671.5
1960,113752.5,118530.0,93671.5
1961,113752.5,119756.0,93671.5
1962,113752.5,119802.5,93671.5
1963,113752.5,119808.5,93671.5
1964,113752.5,114001.5,93671.5
1965,113752.5,118525.5,93671.5
1966,113752.5,114000.5,93671.5
1967,113924.5,119756.0,93671.5
1968,113752.5,116757.0,93671.5
1969,113752.5,119788.5,93671.5
1970,113924.5,114002.0,93671.5
1971,113937.0,118642.5,93671.5
1972,113924.5,118642.5,93671.5
1973,113752.5,118643.0,93671.5
1974,113752.5,116719.0,93671.5
1975,113924.5,114001.5,93671.5
1976,113937.0,118530.0,93671.5
1977,113752.5,118521.5,93671.5
1978,113752.5,118643.0,93671.5
1979,113937.0,119756.0,93671.5
1980,113752.5,118521.5,93671.5
1981,113752.5,118622.5,93671.5
1982,113752.5,118521.5,93671.5
1983,113752.5,119808.5,93671.5
1984,113937.0,119756.0,93671.5
1985,113924.5,114002.0,93671.5
1986,113752.5,118525.5,93671.5
1987,113752.5,121315.0,93671.5
1988,113752.5,118636.5,93671.5
1989,113752.5,113961.0,93671.5
1990,113937.0,118530.0,93671.5
1991,113752.5,120028.5,93671.5
1992,113924.5,119809.0,93671.5
1993,113752.5,114001.5,93671.5
1994,113937.0,119969.0,93671.5
1995,113752.5,119969.0,93671.5
1996,113752.5,119788.5,93671.5
1997,113752.5,118525.5,93671.5
1998,113752.5,119969.0,93671.5
1999,113752.5,121282.0,93671.5
2000,113752.5,114002.0,93671.5
